Model,Accuracy,Precision,Recall,F1-score,ROC-AUC,PR-AUC
Logistic Regression,0.9990911844895486,1.0,0.8235294117647058,0.9032258064516129,0.9508490363258579,0.8298512924297982
