Model,Accuracy,Precision,Recall,F1-score,ROC-AUC,PR-AUC
Logistic Regression,0.9644176094730055,0.9772530120481928,0.9509695875442586,0.9639321663279736,0.9934443199798626,0.9945133469423949
