Model,Accuracy,Precision,Recall,F1-score,ROC-AUC,PR-AUC
Logistic Regression,0.9648865012284434,0.9766584766584766,0.9525879284824847,0.964473042568122,0.993333885365416,0.9945329586828879
